Date,Risk_Premium
2005-07-24,10.1
2005-07-31,9.71
2005-08-07,10.38
2005-08-14,10.17
2005-08-21,10.33
2005-08-28,10.52
2005-09-04,10.3
2005-09-11,9.86
2005-09-18,9.79
2005-09-25,9.77
2005-10-02,9.57
2005-10-09,9.77
2005-10-16,9.87
2005-10-23,9.93
2005-10-30,10.36
2005-11-06,9.57
2005-11-13,9.93
2005-11-20,9.76
2005-11-27,9.62
2005-12-04,9.51
2005-12-11,9.34
2005-12-18,9.18
2005-12-25,8.85
2006-01-01,8.78
2006-01-08,9.58
2006-01-15,9.55
2006-01-22,10.18
2006-01-29,9.76
2006-02-05,10.06
2006-02-12,10.06
2006-02-19,10.03
2006-02-26,9.82
2006-03-05,10.08
2006-03-12,10.2
2006-03-19,9.99
2006-03-26,10.04
2006-04-02,9.73
2006-04-09,9.35
2006-04-16,9.14
2006-04-23,8.81
2006-04-30,8.99
2006-05-07,8.99
2006-05-14,9.16
2006-05-21,9.6
2006-05-28,9.98
2006-06-04,10.05
2006-06-11,10.63
2006-06-18,10.37
2006-06-25,10.47
2006-07-02,9.95
2006-07-09,10.08
2006-07-16,10.23
2006-07-23,10.07
2006-07-30,9.81
2006-08-06,9.83
2006-08-13,9.79
2006-08-20,9.42
2006-08-27,9.43
2006-09-03,9.32
2006-09-10,9.28
2006-09-17,9.18
2006-09-24,9.23
2006-10-01,9.05
2006-10-08,9.19
2006-10-15,9.21
2006-10-22,9.16
2006-10-29,9.19
2006-11-05,9.16
2006-11-12,9.04
2006-11-19,8.79
2006-11-26,8.76
2006-12-03,8.69
2006-12-10,9.01
2006-12-17,8.69
2006-12-24,8.62
2006-12-31,8.63
2007-01-07,10.9
2007-01-14,10.86
2007-01-21,10.99
2007-01-28,10.95
2007-02-04,10.52
2007-02-11,10.64
2007-02-18,10.47
2007-02-25,10.31
2007-03-04,10.81
2007-03-11,10.78
2007-03-18,10.74
2007-03-25,10.51
2007-04-01,10.29
2007-04-08,10.09
2007-04-15,9.69
2007-04-22,9.68
2007-04-29,9.5
2007-05-06,9.4
2007-05-13,9.21
2007-05-20,8.99
2007-05-27,8.77
2007-06-03,8.29
2007-06-10,8.27
2007-06-17,8.07
2007-06-24,8.05
2007-07-01,8.23
2007-07-08,7.65
2007-07-15,7.31
2007-07-22,7.27
2007-07-29,7.55
2007-08-05,7.71
2007-08-12,8
2007-08-19,9.01
2007-08-26,8.52
2007-09-02,8.1
2007-09-09,8.04
2007-09-16,8.01
2007-09-23,7.84
2007-09-30,7.71
2007-10-07,7.51
2007-10-14,7.25
2007-10-21,7.54
2007-10-28,7.38
2007-11-04,7.12
2007-11-11,7.2
2007-11-18,7.32
2007-11-25,8.06
2007-12-02,7.5
2007-12-09,7.41
2007-12-16,7.49
2007-12-23,7.53
2007-12-30,7.49
2008-01-06,9.14
2008-01-13,9.59
2008-01-20,9.85
2008-01-27,9.89
2008-02-03,10.02
2008-02-10,9.69
2008-02-17,9.63
2008-02-24,9.56
2008-03-02,9.41
2008-03-09,9.67
2008-03-16,10.1
2008-03-23,9.8
2008-03-30,9.51
2008-04-06,9.18
2008-04-13,8.95
2008-04-20,9.12
2008-04-27,8.82
2008-05-04,8.51
2008-05-11,8.64
2008-05-18,8.3
2008-05-25,8.61
2008-06-01,8.55
2008-06-08,8.64
2008-06-15,9.06
2008-06-22,9.17
2008-06-29,9.43
2008-07-06,10.04
2008-07-13,10
2008-07-20,10.41
2008-07-27,9.85
2008-08-03,9.99
2008-08-10,9.91
2008-08-17,9.71
2008-08-24,10.32
2008-08-31,10.36
2008-09-07,10.7
2008-09-14,10.19
2008-09-21,10.22
2008-09-28,10.19
2008-10-05,10.53
2008-10-12,12.15
2008-10-19,11.76
2008-10-26,14.02
2008-11-02,10.9
2008-11-09,10.62
2008-11-16,10.91
2008-11-23,11.7
2008-11-30,10.85
2008-12-07,11.37
2008-12-14,10.63
2008-12-21,9.65
2008-12-28,10.01
2009-01-04,9.52
2009-01-11,9.09
2009-01-18,9.08
2009-01-25,9.17
2009-02-01,8.04
2009-02-08,7.7
2009-02-15,7.82
2009-02-22,8.49
2009-03-01,8.11
2009-03-08,8.02
2009-03-15,7.35
2009-03-22,7.26
2009-03-29,6.93
2009-04-05,6.49
2009-04-12,6.25
2009-04-19,6.26
2009-04-26,6.27
2009-05-03,6.24
2009-05-10,5.99
2009-05-17,6.1
2009-05-24,6.08
2009-05-31,6.02
2009-06-07,6.05
2009-06-14,5.97
2009-06-21,6.23
2009-06-28,6.15
2009-07-05,5.94
2009-07-12,6.11
2009-07-19,5.96
2009-07-26,6.09
2009-08-02,5.94
2009-08-09,5.86
2009-08-16,5.85
2009-08-23,5.9
2009-08-30,5.96
2009-09-06,5.9
2009-09-13,5.99
2009-09-20,5.81
2009-09-27,5.88
2009-10-04,6.21
2009-10-11,6.49
2009-10-18,6.68
2009-10-25,6.69
2009-11-01,7.05
2009-11-08,7.29
2009-11-15,7.11
2009-11-22,6.95
2009-11-29,7.35
2009-12-06,6.71
2009-12-13,6.6
2009-12-20,6.74
2009-12-27,6.56
2010-01-03,6.59
2010-01-10,9.36
2010-01-17,9.24
2010-01-24,9.31
2010-01-31,9.89
2010-02-07,10.52
2010-02-14,10.32
2010-02-21,10.34
2010-02-28,10.36
2010-03-07,10.09
2010-03-14,9.98
2010-03-21,9.81
2010-03-28,9.72
2010-04-04,9.62
2010-04-11,9.74
2010-04-18,9.8
2010-04-25,10.02
2010-05-02,10.3
2010-05-09,11.23
2010-05-16,11.02
2010-05-23,11.61
2010-05-30,11.23
2010-06-06,11.04
2010-06-13,10.99
2010-06-20,10.75
2010-06-27,10.78
2010-07-04,11.14
2010-07-11,10.76
2010-07-18,10.75
2010-07-25,10.62
2010-08-01,10.6
2010-08-08,10.36
2010-08-15,10.58
2010-08-22,10.52
2010-08-29,10.9
2010-09-05,10.57
2010-09-12,10.4
2010-09-19,10.3
2010-09-26,10.24
2010-10-03,10.12
2010-10-10,10.17
2010-10-17,10.04
2010-10-24,9.89
2010-10-31,10.03
2010-11-07,9.77
2010-11-14,9.88
2010-11-21,9.65
2010-11-28,9.8
2010-12-05,9.47
2010-12-12,9.31
2010-12-19,9.12
2010-12-26,9.08
2011-01-02,9.04
2011-01-09,10.16
2011-01-16,10.02
2011-01-23,10.22
2011-01-30,10.07
2011-02-06,10.17
2011-02-13,10.68
2011-02-20,10.44
2011-02-27,10.64
2011-03-06,10.41
2011-03-13,10.69
2011-03-20,10.46
2011-03-27,10.08
2011-04-03,9.77
2011-04-10,9.89
2011-04-17,9.9
2011-04-24,9.62
2011-05-01,9.69
2011-05-08,10.08
2011-05-15,10.24
2011-05-22,10.34
2011-05-29,10.37
2011-06-05,10.29
2011-06-12,10.7
2011-06-19,10.75
2011-06-26,10.33
2011-07-03,10.2
2011-07-10,9.91
2011-07-17,10.2
2011-07-24,9.94
2011-07-31,10.08
2011-08-07,11.08
2011-08-14,11.93
2011-08-21,12.24
2011-08-28,11.86
2011-09-04,11.27
2011-09-11,11.48
2011-09-18,11.22
2011-09-25,12.08
2011-10-02,11.53
2011-10-09,11.5
2011-10-16,10.97
2011-10-23,10.77
2011-10-30,10
2011-11-06,10.02
2011-11-13,10.26
2011-11-20,10.4
2011-11-27,10.72
2011-12-04,9.84
2011-12-11,9.96
2011-12-18,10.16
2011-12-25,10.01
2012-01-01,10.23
2012-01-08,11.57
2012-01-15,11.25
2012-01-22,10.71
2012-01-29,10.62
2012-02-05,10.53
2012-02-12,10.38
2012-02-19,10.11
2012-02-26,10.09
2012-03-04,9.95
2012-03-11,10.04
2012-03-18,9.99
2012-03-25,10.05
2012-04-01,10.08
2012-04-08,9.99
2012-04-15,10.1
2012-04-22,10.28
2012-04-29,10.27
2012-05-06,10.32
2012-05-13,10.72
2012-05-20,11.49
2012-05-27,11.17
2012-06-03,11.1
2012-06-10,11.03
2012-06-17,10.88
2012-06-24,10.86
2012-07-01,10.76
2012-07-08,10.71
2012-07-15,10.94
2012-07-22,10.82
2012-07-29,10.65
2012-08-05,10.4
2012-08-12,9.82
2012-08-19,9.66
2012-08-26,9.77
2012-09-02,9.84
2012-09-09,9.67
2012-09-16,9.27
2012-09-23,9.28
2012-09-30,9.36
2012-10-07,9.4
2012-10-14,9.7
2012-10-21,9.52
2012-10-28,9.73
2012-11-04,9.58
2012-11-11,9.67
2012-11-18,9.87
2012-11-25,9.54
2012-12-02,9.48
2012-12-09,9.25
2012-12-16,9.04
2012-12-23,9.12
2012-12-30,9.04
2013-01-06,10.85
2013-01-13,10.95
2013-01-20,10.93
2013-01-27,11.02
2013-02-03,10.81
2013-02-10,10.78
2013-02-17,10.57
2013-02-24,10.34
2013-03-03,10.28
2013-03-10,10.39
2013-03-17,10.51
2013-03-24,10.72
2013-03-31,10.41
2013-04-07,10.78
2013-04-14,10.81
2013-04-21,10.83
2013-04-28,10.57
2013-05-05,10.32
2013-05-12,10.32
2013-05-19,10
2013-05-26,10.05
2013-06-02,9.87
2013-06-09,10.29
2013-06-16,10.46
2013-06-23,10.8
2013-06-30,10.5
2013-07-07,10.55
2013-07-14,10.22
2013-07-21,10.09
2013-07-28,9.77
2013-08-04,9.65
2013-08-11,9.81
2013-08-18,9.55
2013-08-25,9.79
2013-09-01,9.44
2013-09-08,9.28
2013-09-15,9.08
2013-09-22,9.01
2013-09-29,8.97
2013-10-06,8.96
2013-10-13,8.76
2013-10-20,8.52
2013-10-27,8.52
2013-11-03,8.37
2013-11-10,8.56
2013-11-17,8.38
2013-11-24,8.33
2013-12-01,8.16
2013-12-08,8.41
2013-12-15,8.47
2013-12-22,8.34
2013-12-29,8.24
2014-01-05,10.91
2014-01-12,10.72
2014-01-19,10.59
2014-01-26,10.32
2014-02-02,10.13
2014-02-09,10.18
2014-02-16,10.06
2014-02-23,9.95
2014-03-02,9.8
2014-03-09,9.81
2014-03-16,10.11
2014-03-23,10.01
2014-03-30,9.73
2014-04-06,9.59
2014-04-13,9.5
2014-04-20,9.5
2014-04-27,9.49
2014-05-04,9.43
2014-05-11,9.41
2014-05-18,9.2
2014-05-25,9.11
2014-06-01,9.21
2014-06-08,9.17
2014-06-15,9.17
2014-06-22,9.13
2014-06-29,8.91
2014-07-06,8.8
2014-07-13,8.82
2014-07-20,8.66
2014-07-27,8.53
2014-08-03,8.18
2014-08-10,8.38
2014-08-17,8.25
2014-08-24,8.23
2014-08-31,8.1
2014-09-07,8.14
2014-09-14,8.16
2014-09-21,8.07
2014-09-28,8.06
2014-10-05,8.2
2014-10-12,8.27
2014-10-19,8.4
2014-10-26,8.2
2014-11-02,7.79
2014-11-09,7.84
2014-11-16,7.69
2014-11-23,7.53
2014-11-30,7.47
2014-12-07,7.42
2014-12-14,7.63
2014-12-21,7.53
2014-12-28,7.45
2015-01-04,9.37
2015-01-11,9.38
2015-01-18,9.52
2015-01-25,9.2
2015-02-01,9.05
2015-02-08,9.04
2015-02-15,9
2015-02-22,9
2015-03-01,8.92
2015-03-08,8.78
2015-03-15,8.94
2015-03-22,8.7
2015-03-29,8.79
2015-04-05,8.77
2015-04-12,8.63
2015-04-19,8.37
2015-04-26,8.36
2015-05-03,8.55
2015-05-10,8.72
2015-05-17,8.64
2015-05-24,8.47
2015-05-31,8.57
2015-06-07,8.75
2015-06-14,8.87
2015-06-21,8.87
2015-06-28,8.64
2015-07-05,8.55
2015-07-12,8.72
2015-07-19,8.49
2015-07-26,8.62
2015-08-02,8.2
2015-08-09,8.28
2015-08-16,8.35
2015-08-23,8.67
2015-08-30,8.44
2015-09-06,8.6
2015-09-13,8.33
2015-09-20,8.03
2015-09-27,8.25
2015-10-04,8.12
2015-10-11,7.78
2015-10-18,7.72
2015-10-25,7.51
2015-11-01,7.59
2015-11-08,7.61
2015-11-15,7.85
2015-11-22,8.28
2015-11-29,7.88
2015-12-06,8.15
2015-12-13,8.28
2015-12-20,8.11
2015-12-27,7.96
2016-01-03,7.85
2016-01-10,9.46
2016-01-17,9.52
2016-01-24,9.45
2016-01-31,9.03
2016-02-07,9.04
2016-02-14,9.38
2016-02-21,9.03
2016-02-28,9
2016-03-06,8.82
2016-03-13,8.76
2016-03-20,8.66
2016-03-27,8.71
2016-04-03,8.79
2016-04-10,8.85
2016-04-17,8.67
2016-04-24,8.8
2016-05-01,9.04
2016-05-08,9.12
2016-05-15,9.23
2016-05-22,9.35
2016-05-29,9.25
2016-06-05,9.17
2016-06-12,9.05
2016-06-19,9.35
2016-06-26,9.46
2016-07-03,9.21
2016-07-10,9.39
2016-07-17,9.08
2016-07-24,9.09
2016-07-31,9.18
2016-08-07,9.21
2016-08-14,9.09
2016-08-21,9.08
2016-08-28,9.17
2016-09-04,9.18
2016-09-11,9.15
2016-09-18,9.3
2016-09-25,9.07
2016-10-02,9.06
2016-10-09,9.06
2016-10-16,9.1
2016-10-23,9.02
2016-10-30,8.97
2016-11-06,9.12
2016-11-13,9.15
2016-11-20,9.19
2016-11-27,9.15
2016-12-04,9.04
2016-12-11,8.75
2016-12-18,8.71
2016-12-25,8.74
2017-01-01,8.79
2017-01-08,9.98
2017-01-15,9.93
2017-01-22,10.02
2017-01-29,10.11
2017-02-05,10.21
2017-02-12,10.19
2017-02-19,10.21
2017-02-26,10.14
2017-03-05,10.22
2017-03-12,10.18
2017-03-19,9.86
2017-03-26,9.95
2017-04-02,10.14
2017-04-09,10.27
2017-04-16,10.39
2017-04-23,10.38
2017-04-30,10.49
2017-05-07,10.33
2017-05-14,10.11
2017-05-21,10.09
2017-05-28,9.8
2017-06-04,9.77
2017-06-11,9.77
2017-06-18,9.88
2017-06-25,9.81
2017-07-02,9.78
2017-07-09,9.93
2017-07-16,9.79
2017-07-23,9.67
2017-07-30,9.91
2017-08-06,9.91
2017-08-13,10.24
2017-08-20,10.07
2017-08-27,9.97
2017-09-03,10.06
2017-09-10,10.11
2017-09-17,9.93
2017-09-24,9.91
2017-10-01,9.89
2017-10-08,9.89
2017-10-15,9.64
2017-10-22,9.54
2017-10-29,9.51
2017-11-05,9.49
2017-11-12,9.38
2017-11-19,9.34
2017-11-26,9.31
2017-12-03,9.58
2017-12-10,9.58
2017-12-17,9.57
2017-12-24,9.74
2017-12-31,9.64
2018-01-07,10.89
2018-01-14,10.91
2018-01-21,10.78
2018-01-28,10.54
2018-02-04,10.57
2018-02-11,11.05
2018-02-18,10.71
2018-02-25,10.52
2018-03-04,10.76
2018-03-11,10.46
2018-03-18,10.35
2018-03-25,10.67
2018-04-01,10.54
2018-04-08,10.59
2018-04-15,10.45
2018-04-22,10.34
2018-04-29,10.31
2018-05-06,10.42
2018-05-13,10.47
2018-05-20,10.54
2018-05-27,10.51
2018-06-03,10.63
2018-06-10,10.56
2018-06-17,10.78
2018-06-24,10.93
2018-07-01,11.05
2018-07-08,11.21
2018-07-15,11.18
2018-07-22,11.12
2018-07-29,10.98
2018-08-05,11
2018-08-12,11.02
2018-08-19,11.13
2018-08-26,10.88
2018-09-02,10.72
2018-09-09,10.95
2018-09-16,10.75
2018-09-23,10.64
2018-09-30,10.61
2018-10-07,10.97
2018-10-14,11.44
2018-10-21,11.4
2018-10-28,11.97
2018-11-04,11.49
2018-11-11,11.49
2018-11-18,11.44
2018-11-25,11.73
2018-12-02,11.5
2018-12-09,11.57
2018-12-16,11.34
2018-12-23,11.39
2018-12-30,11.51
2019-01-06,11.61
2019-01-13,10.76
2019-01-20,10.33
2019-01-27,9.79
2019-02-03,9.26
2019-02-10,9.35
2019-02-17,9.21
2019-02-24,8.97
2019-03-03,9.11
2019-03-10,9.21
2019-03-17,8.91
2019-03-24,8.77
2019-03-31,8.85
2019-04-07,8.35
2019-04-14,8.18
2019-04-21,8.24
2019-04-28,8.31
2019-05-05,8.16
2019-05-12,8.55
2019-05-19,8.54
2019-05-26,8.5
2019-06-02,8.42
2019-06-09,8.23
2019-06-16,8.04
2019-06-23,7.88
2019-06-30,7.76
2019-07-07,7.82
2019-07-14,7.8
2019-07-21,7.72
2019-07-28,7.72
2019-08-04,7.91
2019-08-11,8.12
2019-08-18,8.01
2019-08-25,7.91
2019-09-01,7.8
2019-09-08,7.63
2019-09-15,7.47
2019-09-22,7.29
2019-09-29,7.4
2019-10-06,7.48
2019-10-13,7.37
2019-10-20,7.18
2019-10-27,6.97
2019-11-03,6.81
2019-11-10,6.69
2019-11-17,6.51
2019-11-24,6.71
2019-12-01,6.76
2019-12-08,6.75
2019-12-15,6.42
2019-12-22,6.32
2019-12-29,6.32
2020-01-05,8.57
2020-01-12,8.44
2020-01-19,8.23
2020-01-26,8.25
2020-02-02,8.72
2020-02-09,8.22
2020-02-16,8.05
2020-02-23,8.32
2020-03-01,9.01
2020-03-08,8.68
2020-03-15,9.87
2020-03-22,10.84
2020-03-29,9.66
2020-04-05,9.11
2020-04-12,8.14
2020-04-19,7.79
2020-04-26,7.75
2020-05-03,7.37
2020-05-10,7.29
2020-05-17,7.3
2020-05-24,7.12
2020-05-31,6.89
2020-06-07,6.4
2020-06-14,6.53
2020-06-21,6.48
2020-06-28,6.48
2020-07-05,6.34
2020-07-12,6.31
2020-07-19,6.18
2020-07-26,6.21
2020-08-02,6.06
2020-08-09,5.75
2020-08-16,5.65
2020-08-23,5.89
2020-08-30,5.75
2020-09-06,5.73
2020-09-13,5.71
2020-09-20,5.67
2020-09-27,6
2020-10-04,5.86
2020-10-11,5.77
2020-10-18,5.88
2020-10-25,5.84
2020-11-01,6.13
2020-11-08,5.78
2020-11-15,5.59
2020-11-22,5.43
2020-11-29,5.3
2020-12-06,5.15
2020-12-13,5.09
2020-12-20,5.11
2020-12-27,5.02
2021-01-03,4.9
2021-01-10,6.68
2021-01-17,6.82
2021-01-24,6.81
2021-01-31,7.23
2021-02-07,6.92
2021-02-14,6.98
2021-02-21,6.97
2021-02-28,7.18
2021-03-07,7.15
2021-03-14,7.11
2021-03-21,7.22
2021-03-28,7.29
2021-04-04,7.14
2021-04-11,7.19
2021-04-18,7.09
2021-04-25,7.24
2021-05-02,8.37
2021-05-09,8.44
2021-05-16,8.66
2021-05-23,8.68
2021-05-30,8.57
2021-06-06,8.47
2021-06-13,8.37
2021-06-20,8.37
2021-06-27,8.31
2021-07-04,8.43
2021-07-11,8.69
2021-07-18,8.55
2021-07-25,8.75
2021-08-01,9.08
2021-08-08,8.89
2021-08-15,9.03
2021-08-22,9.3
2021-08-29,9.17
2021-09-05,8.98
2021-09-12,9.22
2021-09-19,9.14
2021-09-26,9.1
2021-10-03,9.42
2021-10-10,9.65
2021-10-17,9.13
2021-10-24,9.14
2021-10-31,9.35
2021-11-07,9.36
2021-11-14,9.41
2021-11-21,9.46
2021-11-28,9.45
2021-12-05,9.35
2021-12-12,9.2
2021-12-19,9.18
2021-12-26,9.23
2022-01-02,9.37
2022-01-09,9.31
2022-01-16,9.48
2022-01-23,9.73
2022-01-30,9.66
2022-02-06,9.38
2022-02-13,9.29
2022-02-20,9.31
2022-02-27,9.36
2022-03-06,9.17
2022-03-13,9.34
2022-03-20,9.11
2022-03-27,9.12
2022-04-03,9.08
2022-04-10,9.28
